# What build/typst/fetch.sh fetches into the image, one tab-separated row each:
#   <path in the image>  <url at a pinned commit>  <sha256>  <licence (SPDX)>
# Every URL names a commit, never a branch, and fetch.sh refuses a file whose
# SHA-256 differs. The image copies this file to /licenses/fetch.tsv.
#
# fonts/: the Noto set for every script the reports may hold (plan
# scratch-and-pdf-reports D25), all OFL-1.1:
#   - notofonts/notofonts.github.io @ 7838e6da (2026-09-22), the Noto project's
#     published builds, hinted TTF: Latin, Greek and Cyrillic (Sans, Serif,
#     Mono), Arabic, Hebrew, Thai, Devanagari and eight more Indic scripts,
#     Symbols, Symbols 2 and Math;
#   - notofonts/noto-cjk @ f8d15753 (2024-09-19), the region subset OTFs:
#     Simplified Chinese (SC) and Korean (KR);
#   - googlefonts/noto-emoji @ 8998f5dd (tag v2.051, 2025-09-15), the COLRv1
#     colour emoji.
# fonts/ also holds the report designs' fourteen families (agentry-notes
# plans/report-designs.md D3, D13; agentry-dockerimages#58), all OFL-1.1, from
# google/fonts @ 62e55e58 (2026-10-09), Google Fonts' published build of each
# family, whose names the site's editor also uses for its web fonts: Inter,
# IBM Plex Sans, Source Sans 3, Work Sans, Montserrat; Source Serif 4, Lora,
# Merriweather, IBM Plex Serif, EB Garamond, Playfair Display; IBM Plex Mono,
# JetBrains Mono, Source Code Pro. Most ship there only as a variable roman
# and a variable italic (saved as *-Variable.ttf), which carry every weight
# and which Typst instances; IBM Plex Serif and IBM Plex Mono ship static, and
# take Regular, Italic, Bold and Bold Italic.
# licenses/fonts/: the OFL text of each source repository at a pinned commit.
# typst-packages/: the cmarker Typst package 0.1.10 (MIT), from typst/packages
#   @ 4c140e78 (2026-07-03), laid out as Typst's local package directory
#   (<namespace>/<name>/<version>/), for --package-path. It has no dependency.
fonts/NotoSans-Regular.ttf	https://raw.githubusercontent.com/notofonts/notofonts.github.io/7838e6dadb87bb207a600fc01407ef7f5efa2033/fonts/NotoSans/hinted/ttf/NotoSans-Regular.ttf	478c558ea716033cd60c03438f628dfa75694dcf6b5f6d505a2f05fd2b4f3823	OFL-1.1
fonts/NotoSans-Bold.ttf	https://raw.githubusercontent.com/notofonts/notofonts.github.io/7838e6dadb87bb207a600fc01407ef7f5efa2033/fonts/NotoSans/hinted/ttf/NotoSans-Bold.ttf	1df075a380fc7cb898acf64c1f7b3b4dd780de3caa860178bf929de35817a913	OFL-1.1
fonts/NotoSans-Italic.ttf	https://raw.githubusercontent.com/notofonts/notofonts.github.io/7838e6dadb87bb207a600fc01407ef7f5efa2033/fonts/NotoSans/hinted/ttf/NotoSans-Italic.ttf	467e3f89eeca4108bb8710a2b9e0cf2281ac56d5b0609211a83776d0505eecb5	OFL-1.1
fonts/NotoSans-BoldItalic.ttf	https://raw.githubusercontent.com/notofonts/notofonts.github.io/7838e6dadb87bb207a600fc01407ef7f5efa2033/fonts/NotoSans/hinted/ttf/NotoSans-BoldItalic.ttf	1b602a9d6353be42c91df097a4857b69fa2696f26703d7a33b54a15d87c2622c	OFL-1.1
fonts/NotoSerif-Regular.ttf	https://raw.githubusercontent.com/notofonts/notofonts.github.io/7838e6dadb87bb207a600fc01407ef7f5efa2033/fonts/NotoSerif/hinted/ttf/NotoSerif-Regular.ttf	19e72cd8d595fae5bd74a5206f5d938512e1183d4fed7abb1ec1be1d7efa5f88	OFL-1.1
fonts/NotoSerif-Bold.ttf	https://raw.githubusercontent.com/notofonts/notofonts.github.io/7838e6dadb87bb207a600fc01407ef7f5efa2033/fonts/NotoSerif/hinted/ttf/NotoSerif-Bold.ttf	96656aa5cec8f1d6fd0e804c1fad397e1a1cfa082e6642124e0bda68cd8363ce	OFL-1.1
fonts/NotoSerif-Italic.ttf	https://raw.githubusercontent.com/notofonts/notofonts.github.io/7838e6dadb87bb207a600fc01407ef7f5efa2033/fonts/NotoSerif/hinted/ttf/NotoSerif-Italic.ttf	749e80e313ef711f9373c6cce17c72297ef05490b3dcda7967d1d5d90bf1183f	OFL-1.1
fonts/NotoSerif-BoldItalic.ttf	https://raw.githubusercontent.com/notofonts/notofonts.github.io/7838e6dadb87bb207a600fc01407ef7f5efa2033/fonts/NotoSerif/hinted/ttf/NotoSerif-BoldItalic.ttf	c710c5b9cf354ae46e7a10472a08019b28220fafeb5887a482a76856f8f6fc0b	OFL-1.1
fonts/NotoSansMono-Regular.ttf	https://raw.githubusercontent.com/notofonts/notofonts.github.io/7838e6dadb87bb207a600fc01407ef7f5efa2033/fonts/NotoSansMono/hinted/ttf/NotoSansMono-Regular.ttf	65b5e2b2c4a1fba9ae8be1f026cb35b03dcb8886d9b2a4147054fde12f7e767d	OFL-1.1
fonts/NotoSansMono-Bold.ttf	https://raw.githubusercontent.com/notofonts/notofonts.github.io/7838e6dadb87bb207a600fc01407ef7f5efa2033/fonts/NotoSansMono/hinted/ttf/NotoSansMono-Bold.ttf	a21ea0ba6ea49fda7b34ca39a504b487f1130885d36e1a4f9f4255b3ba6994bc	OFL-1.1
fonts/NotoSansArabic-Regular.ttf	https://raw.githubusercontent.com/notofonts/notofonts.github.io/7838e6dadb87bb207a600fc01407ef7f5efa2033/fonts/NotoSansArabic/hinted/ttf/NotoSansArabic-Regular.ttf	bdff3e5659d67e67def05b33f749683b9376ae819d65d3dd62ac4640b3aaef48	OFL-1.1
fonts/NotoSansArabic-Bold.ttf	https://raw.githubusercontent.com/notofonts/notofonts.github.io/7838e6dadb87bb207a600fc01407ef7f5efa2033/fonts/NotoSansArabic/hinted/ttf/NotoSansArabic-Bold.ttf	4e5462d2e8be880317b9f49b5b2da109ddb6a3563d91cc604b67f3535832a555	OFL-1.1
fonts/NotoSansHebrew-Regular.ttf	https://raw.githubusercontent.com/notofonts/notofonts.github.io/7838e6dadb87bb207a600fc01407ef7f5efa2033/fonts/NotoSansHebrew/hinted/ttf/NotoSansHebrew-Regular.ttf	cdefaf8efd47045f6820928eba84db5bed7557539328952b5f828315485e02ee	OFL-1.1
fonts/NotoSansHebrew-Bold.ttf	https://raw.githubusercontent.com/notofonts/notofonts.github.io/7838e6dadb87bb207a600fc01407ef7f5efa2033/fonts/NotoSansHebrew/hinted/ttf/NotoSansHebrew-Bold.ttf	da9226e886c245a7e11673c24dec82bded64d8574c1e1f03983bf89297d2aaa8	OFL-1.1
fonts/NotoSansThai-Regular.ttf	https://raw.githubusercontent.com/notofonts/notofonts.github.io/7838e6dadb87bb207a600fc01407ef7f5efa2033/fonts/NotoSansThai/hinted/ttf/NotoSansThai-Regular.ttf	61cf814eec46b294d6ea4401ac295d0cecd5207bd2331dcc5a15e7301d30ee44	OFL-1.1
fonts/NotoSansThai-Bold.ttf	https://raw.githubusercontent.com/notofonts/notofonts.github.io/7838e6dadb87bb207a600fc01407ef7f5efa2033/fonts/NotoSansThai/hinted/ttf/NotoSansThai-Bold.ttf	2ac6c6e8a478e23b15f76e4894af1fa2210f8f350e4e6e54aad530bec03efbfb	OFL-1.1
fonts/NotoSansDevanagari-Regular.ttf	https://raw.githubusercontent.com/notofonts/notofonts.github.io/7838e6dadb87bb207a600fc01407ef7f5efa2033/fonts/NotoSansDevanagari/hinted/ttf/NotoSansDevanagari-Regular.ttf	4e3c66638958c3e2ab5d37f47a8deb89fffeb7be9985c665a519bbc7ba762313	OFL-1.1
fonts/NotoSansDevanagari-Bold.ttf	https://raw.githubusercontent.com/notofonts/notofonts.github.io/7838e6dadb87bb207a600fc01407ef7f5efa2033/fonts/NotoSansDevanagari/hinted/ttf/NotoSansDevanagari-Bold.ttf	6a09c8d797cfc803d32cdc731e809424d74cbaff59f503de34ade421a08e5bc2	OFL-1.1
fonts/NotoSansBengali-Regular.ttf	https://raw.githubusercontent.com/notofonts/notofonts.github.io/7838e6dadb87bb207a600fc01407ef7f5efa2033/fonts/NotoSansBengali/hinted/ttf/NotoSansBengali-Regular.ttf	b55c62ee531e3214da6c0701daecea89a52ba42db7d8206b92e6b51f397a3193	OFL-1.1
fonts/NotoSansBengali-Bold.ttf	https://raw.githubusercontent.com/notofonts/notofonts.github.io/7838e6dadb87bb207a600fc01407ef7f5efa2033/fonts/NotoSansBengali/hinted/ttf/NotoSansBengali-Bold.ttf	923c6a4c2eb618a57ed83f4bca855b4f5287b87906a4d9df40a2ffa8ebd8c2e8	OFL-1.1
fonts/NotoSansGujarati-Regular.ttf	https://raw.githubusercontent.com/notofonts/notofonts.github.io/7838e6dadb87bb207a600fc01407ef7f5efa2033/fonts/NotoSansGujarati/hinted/ttf/NotoSansGujarati-Regular.ttf	9b5a7aaeeb649a2e75a49d8b006a1f87db1b61c0df3b001609f4e0725d88dbf6	OFL-1.1
fonts/NotoSansGujarati-Bold.ttf	https://raw.githubusercontent.com/notofonts/notofonts.github.io/7838e6dadb87bb207a600fc01407ef7f5efa2033/fonts/NotoSansGujarati/hinted/ttf/NotoSansGujarati-Bold.ttf	7c1da9cad53f83804a330bad413b015987f4b6520da54263b0e39b7b8736525b	OFL-1.1
fonts/NotoSansGurmukhi-Regular.ttf	https://raw.githubusercontent.com/notofonts/notofonts.github.io/7838e6dadb87bb207a600fc01407ef7f5efa2033/fonts/NotoSansGurmukhi/hinted/ttf/NotoSansGurmukhi-Regular.ttf	658d0207da305a1411c539a8b0bbeda64d4146e54fb4827facddb890b6b90d74	OFL-1.1
fonts/NotoSansGurmukhi-Bold.ttf	https://raw.githubusercontent.com/notofonts/notofonts.github.io/7838e6dadb87bb207a600fc01407ef7f5efa2033/fonts/NotoSansGurmukhi/hinted/ttf/NotoSansGurmukhi-Bold.ttf	4f1bb4b1a05a0ebe1520678132a9448fce8f1741552c5292d7df7a7786d2c956	OFL-1.1
fonts/NotoSansKannada-Regular.ttf	https://raw.githubusercontent.com/notofonts/notofonts.github.io/7838e6dadb87bb207a600fc01407ef7f5efa2033/fonts/NotoSansKannada/hinted/ttf/NotoSansKannada-Regular.ttf	9ad74dc64838c6855b96f671fc08e425a58921b9d0c71712ea79c328a27e6e38	OFL-1.1
fonts/NotoSansKannada-Bold.ttf	https://raw.githubusercontent.com/notofonts/notofonts.github.io/7838e6dadb87bb207a600fc01407ef7f5efa2033/fonts/NotoSansKannada/hinted/ttf/NotoSansKannada-Bold.ttf	3db1507b3f856185fc7c00dc0addfd4797a8ea6955b86d1d21fa659cc9d5e849	OFL-1.1
fonts/NotoSansMalayalam-Regular.ttf	https://raw.githubusercontent.com/notofonts/notofonts.github.io/7838e6dadb87bb207a600fc01407ef7f5efa2033/fonts/NotoSansMalayalam/hinted/ttf/NotoSansMalayalam-Regular.ttf	c08de7fa8d032a5d6a4d120fb82c78cec60b362a4e73fa26360d89759ff2a7f9	OFL-1.1
fonts/NotoSansMalayalam-Bold.ttf	https://raw.githubusercontent.com/notofonts/notofonts.github.io/7838e6dadb87bb207a600fc01407ef7f5efa2033/fonts/NotoSansMalayalam/hinted/ttf/NotoSansMalayalam-Bold.ttf	d5c52d4fdf019feb21cdb748573308fa5fdd94a81d5bc71c603c076207039590	OFL-1.1
fonts/NotoSansOriya-Regular.ttf	https://raw.githubusercontent.com/notofonts/notofonts.github.io/7838e6dadb87bb207a600fc01407ef7f5efa2033/fonts/NotoSansOriya/hinted/ttf/NotoSansOriya-Regular.ttf	a16645d056017927406546aa78e4ce15e782fd8783467267b75450453d007415	OFL-1.1
fonts/NotoSansOriya-Bold.ttf	https://raw.githubusercontent.com/notofonts/notofonts.github.io/7838e6dadb87bb207a600fc01407ef7f5efa2033/fonts/NotoSansOriya/hinted/ttf/NotoSansOriya-Bold.ttf	1c575e8aba40d6baf200e8abac534e9517f431d38cc8131715643037eec149da	OFL-1.1
fonts/NotoSansSinhala-Regular.ttf	https://raw.githubusercontent.com/notofonts/notofonts.github.io/7838e6dadb87bb207a600fc01407ef7f5efa2033/fonts/NotoSansSinhala/hinted/ttf/NotoSansSinhala-Regular.ttf	9e32612d47004552f3125e78648a9e2e7899a216ccd3cefbb93a9b5f4c809feb	OFL-1.1
fonts/NotoSansSinhala-Bold.ttf	https://raw.githubusercontent.com/notofonts/notofonts.github.io/7838e6dadb87bb207a600fc01407ef7f5efa2033/fonts/NotoSansSinhala/hinted/ttf/NotoSansSinhala-Bold.ttf	e1f8867effb18940b02173a120641e526e5aaa8efc176870e62b2d49b1e6fd3f	OFL-1.1
fonts/NotoSansTamil-Regular.ttf	https://raw.githubusercontent.com/notofonts/notofonts.github.io/7838e6dadb87bb207a600fc01407ef7f5efa2033/fonts/NotoSansTamil/hinted/ttf/NotoSansTamil-Regular.ttf	3c0a186feb3c63c7f6d63e1511dcdc144e745ae09b98e217c83f3e317974f6f9	OFL-1.1
fonts/NotoSansTamil-Bold.ttf	https://raw.githubusercontent.com/notofonts/notofonts.github.io/7838e6dadb87bb207a600fc01407ef7f5efa2033/fonts/NotoSansTamil/hinted/ttf/NotoSansTamil-Bold.ttf	683682d585698b8b44da066d4903762d8aaa471bdffb919ac869753689ba3950	OFL-1.1
fonts/NotoSansTelugu-Regular.ttf	https://raw.githubusercontent.com/notofonts/notofonts.github.io/7838e6dadb87bb207a600fc01407ef7f5efa2033/fonts/NotoSansTelugu/hinted/ttf/NotoSansTelugu-Regular.ttf	b274780b69d1d23fe84b55e809a152cb2ac5306d33864b1f87622f6971871aae	OFL-1.1
fonts/NotoSansTelugu-Bold.ttf	https://raw.githubusercontent.com/notofonts/notofonts.github.io/7838e6dadb87bb207a600fc01407ef7f5efa2033/fonts/NotoSansTelugu/hinted/ttf/NotoSansTelugu-Bold.ttf	ec98c4f82abfe52ebe00be298d39c469deb86cf027929987759ba1eab361fbb4	OFL-1.1
fonts/NotoSansSymbols-Regular.ttf	https://raw.githubusercontent.com/notofonts/notofonts.github.io/7838e6dadb87bb207a600fc01407ef7f5efa2033/fonts/NotoSansSymbols/hinted/ttf/NotoSansSymbols-Regular.ttf	d0e98e9a2c046594c5021437273943be7e79e0fd980fde125279e22302212595	OFL-1.1
fonts/NotoSansSymbols-Bold.ttf	https://raw.githubusercontent.com/notofonts/notofonts.github.io/7838e6dadb87bb207a600fc01407ef7f5efa2033/fonts/NotoSansSymbols/hinted/ttf/NotoSansSymbols-Bold.ttf	af83250e7c5bdd37d542187a724ac6b33453a6550e741cebcacf7a771891f75e	OFL-1.1
fonts/NotoSansSymbols2-Regular.ttf	https://raw.githubusercontent.com/notofonts/notofonts.github.io/7838e6dadb87bb207a600fc01407ef7f5efa2033/fonts/NotoSansSymbols2/hinted/ttf/NotoSansSymbols2-Regular.ttf	c4a0a80f0041ce4be81e2478faad22776d23edb98ae3f0d19bd37044820ecf9d	OFL-1.1
fonts/NotoSansMath-Regular.ttf	https://raw.githubusercontent.com/notofonts/notofonts.github.io/7838e6dadb87bb207a600fc01407ef7f5efa2033/fonts/NotoSansMath/hinted/ttf/NotoSansMath-Regular.ttf	d51afd5739c7ba6c44fcab35a88160e25dfb69a2d4ad0bd99533f8d894af1f96	OFL-1.1
fonts/NotoSansSC-Regular.otf	https://raw.githubusercontent.com/notofonts/noto-cjk/f8d157532fbfaeda587e826d4cd5b21a49186f7c/Sans/SubsetOTF/SC/NotoSansSC-Regular.otf	faa6c9df652116dde789d351359f3d7e5d2285a2b2a1f04a2d7244df706d5ea9	OFL-1.1
fonts/NotoSansSC-Bold.otf	https://raw.githubusercontent.com/notofonts/noto-cjk/f8d157532fbfaeda587e826d4cd5b21a49186f7c/Sans/SubsetOTF/SC/NotoSansSC-Bold.otf	c6cb5a93abaa9edc8ee7463b7ebb7f42d618d40e6ed2f7a5371c97b0b64767c0	OFL-1.1
fonts/NotoSansKR-Regular.otf	https://raw.githubusercontent.com/notofonts/noto-cjk/f8d157532fbfaeda587e826d4cd5b21a49186f7c/Sans/SubsetOTF/KR/NotoSansKR-Regular.otf	69975a0ac8472717870aefeab0a4d52739308d90856b9955313b2ad5e0148d68	OFL-1.1
fonts/NotoSansKR-Bold.otf	https://raw.githubusercontent.com/notofonts/noto-cjk/f8d157532fbfaeda587e826d4cd5b21a49186f7c/Sans/SubsetOTF/KR/NotoSansKR-Bold.otf	5a6ceb287ed2fc6cfc6213144ebea68cbd94b20fc9eb873d8486493bf02d9bda	OFL-1.1
fonts/Noto-COLRv1.ttf	https://raw.githubusercontent.com/googlefonts/noto-emoji/8998f5dd683424a73e2314a8c1f1e359c19e8742/fonts/Noto-COLRv1.ttf	0ae57fe58645638523ba35f388d93739d292539a9acb84df5700c81b1e1a28d2	OFL-1.1
fonts/Inter-Italic-Variable.ttf	https://raw.githubusercontent.com/google/fonts/62e55e586fc0c29d428ee47b7c359cd33143f93d/ofl/inter/Inter-Italic%5Bopsz,wght%5D.ttf	acd98e64795781b2058f07b18475e0ecee2a0fe2b42a49e2f9e37d0d6bf66ce6	OFL-1.1
fonts/Inter-Variable.ttf	https://raw.githubusercontent.com/google/fonts/62e55e586fc0c29d428ee47b7c359cd33143f93d/ofl/inter/Inter%5Bopsz,wght%5D.ttf	29160a80ff49ddcab2c97711247e08b1fab27a484a329ce8b813d820dc559031	OFL-1.1
fonts/WorkSans-Italic-Variable.ttf	https://raw.githubusercontent.com/google/fonts/62e55e586fc0c29d428ee47b7c359cd33143f93d/ofl/worksans/WorkSans-Italic%5Bwght%5D.ttf	0a9f935ea490d3477fc97e40248f356c29bce11a1973939056c4316b122341ec	OFL-1.1
fonts/WorkSans-Variable.ttf	https://raw.githubusercontent.com/google/fonts/62e55e586fc0c29d428ee47b7c359cd33143f93d/ofl/worksans/WorkSans%5Bwght%5D.ttf	f50f61f2ba738e239442d40bf1069adb195c224b6a5a73a581fc2f3ed62a9f63	OFL-1.1
fonts/Montserrat-Italic-Variable.ttf	https://raw.githubusercontent.com/google/fonts/62e55e586fc0c29d428ee47b7c359cd33143f93d/ofl/montserrat/Montserrat-Italic%5Bwght%5D.ttf	51607f316bc020e59f03cbf51543eecffbea501c0b31d73e5b82927c5cca442c	OFL-1.1
fonts/Montserrat-Variable.ttf	https://raw.githubusercontent.com/google/fonts/62e55e586fc0c29d428ee47b7c359cd33143f93d/ofl/montserrat/Montserrat%5Bwght%5D.ttf	0f7b311b2f3279e4eef9b2f968bcdbab6e28f4daeb1f049f4f278a902bcd82f7	OFL-1.1
fonts/IBMPlexSans-Italic-Variable.ttf	https://raw.githubusercontent.com/google/fonts/62e55e586fc0c29d428ee47b7c359cd33143f93d/ofl/ibmplexsans/IBMPlexSans-Italic%5Bwdth,wght%5D.ttf	0b94c5e981993764db32bf9c610ecc60cbd34ad77ec2f10ba03c64ab75124d8e	OFL-1.1
fonts/IBMPlexSans-Variable.ttf	https://raw.githubusercontent.com/google/fonts/62e55e586fc0c29d428ee47b7c359cd33143f93d/ofl/ibmplexsans/IBMPlexSans%5Bwdth,wght%5D.ttf	3b031aa4216174205bd8471f88a49b91f093169e9e87bd5262242bc5967fe2e3	OFL-1.1
fonts/SourceSans3-Italic-Variable.ttf	https://raw.githubusercontent.com/google/fonts/62e55e586fc0c29d428ee47b7c359cd33143f93d/ofl/sourcesans3/SourceSans3-Italic%5Bwght%5D.ttf	39e3ab05ccd7cb94907c31005bb5bec1d5432f0b096a2b782976e217a540eb6c	OFL-1.1
fonts/SourceSans3-Variable.ttf	https://raw.githubusercontent.com/google/fonts/62e55e586fc0c29d428ee47b7c359cd33143f93d/ofl/sourcesans3/SourceSans3%5Bwght%5D.ttf	042fe2cc0b933e328410d7acbd0aa6a1873dca5aef81875f4bc214b08825c7b9	OFL-1.1
fonts/SourceSerif4-Italic-Variable.ttf	https://raw.githubusercontent.com/google/fonts/62e55e586fc0c29d428ee47b7c359cd33143f93d/ofl/sourceserif4/SourceSerif4-Italic%5Bopsz,wght%5D.ttf	15fbc7e4679489a501998c3669272637a6646388ef7e4bd77eebb5bf967a1f42	OFL-1.1
fonts/SourceSerif4-Variable.ttf	https://raw.githubusercontent.com/google/fonts/62e55e586fc0c29d428ee47b7c359cd33143f93d/ofl/sourceserif4/SourceSerif4%5Bopsz,wght%5D.ttf	97b2d4da6e3cb494b5a1e66ae176914d852ccabef49e0c02c0df25f3e39aca0b	OFL-1.1
fonts/Lora-Italic-Variable.ttf	https://raw.githubusercontent.com/google/fonts/62e55e586fc0c29d428ee47b7c359cd33143f93d/ofl/lora/Lora-Italic%5Bwght%5D.ttf	22d8d8854b53807aa664ca34f2031a9ed57a1d0dea296b8b96cdd3aad937a2b3	OFL-1.1
fonts/Lora-Variable.ttf	https://raw.githubusercontent.com/google/fonts/62e55e586fc0c29d428ee47b7c359cd33143f93d/ofl/lora/Lora%5Bwght%5D.ttf	822a6621ccbe8d97d20ac88c1c41f5615c9c2c202eaa75f272cd452aac6475a7	OFL-1.1
fonts/Merriweather-Italic-Variable.ttf	https://raw.githubusercontent.com/google/fonts/62e55e586fc0c29d428ee47b7c359cd33143f93d/ofl/merriweather/Merriweather-Italic%5Bopsz,wdth,wght%5D.ttf	f68a8f4989258679e4fbaf50aa42400132b5373c2d9d2514ba82ef6e85947a0b	OFL-1.1
fonts/Merriweather-Variable.ttf	https://raw.githubusercontent.com/google/fonts/62e55e586fc0c29d428ee47b7c359cd33143f93d/ofl/merriweather/Merriweather%5Bopsz,wdth,wght%5D.ttf	d0ed0e359e396af7ad05e73dffd11a3a4c326ea0d0283c56bd9361cb2cc86a96	OFL-1.1
fonts/IBMPlexSerif-Bold.ttf	https://raw.githubusercontent.com/google/fonts/62e55e586fc0c29d428ee47b7c359cd33143f93d/ofl/ibmplexserif/IBMPlexSerif-Bold.ttf	534c02c295999dd86e770457ece1d43db0de9256dd98bf741426f63ae904209e	OFL-1.1
fonts/IBMPlexSerif-BoldItalic.ttf	https://raw.githubusercontent.com/google/fonts/62e55e586fc0c29d428ee47b7c359cd33143f93d/ofl/ibmplexserif/IBMPlexSerif-BoldItalic.ttf	2a32b76ac19c1942bf5942dbbd2a1566e5f1ae9833e421ebcf36d3522715e153	OFL-1.1
fonts/IBMPlexSerif-Italic.ttf	https://raw.githubusercontent.com/google/fonts/62e55e586fc0c29d428ee47b7c359cd33143f93d/ofl/ibmplexserif/IBMPlexSerif-Italic.ttf	4b75b38be4673527231f49c48818d090c913d5042dd5c747b525bf6185d29ecb	OFL-1.1
fonts/IBMPlexSerif-Regular.ttf	https://raw.githubusercontent.com/google/fonts/62e55e586fc0c29d428ee47b7c359cd33143f93d/ofl/ibmplexserif/IBMPlexSerif-Regular.ttf	e882efa9c41949a528ac2369079ec5ef050c1c996bbd0bacce3c3326d44cf80d	OFL-1.1
fonts/EBGaramond-Italic-Variable.ttf	https://raw.githubusercontent.com/google/fonts/62e55e586fc0c29d428ee47b7c359cd33143f93d/ofl/ebgaramond/EBGaramond-Italic%5Bwght%5D.ttf	bba2c4499c93c9612b90b9825d32b07da52fce2fe57562a1eb6b833553f93c4e	OFL-1.1
fonts/EBGaramond-Variable.ttf	https://raw.githubusercontent.com/google/fonts/62e55e586fc0c29d428ee47b7c359cd33143f93d/ofl/ebgaramond/EBGaramond%5Bwght%5D.ttf	ef9512f92f6d579e5dc75af59a5a4b1b8b47d2eda89e00b954d44520e5369027	OFL-1.1
fonts/PlayfairDisplay-Italic-Variable.ttf	https://raw.githubusercontent.com/google/fonts/62e55e586fc0c29d428ee47b7c359cd33143f93d/ofl/playfairdisplay/PlayfairDisplay-Italic%5Bwght%5D.ttf	a5e26dc5e2e77fb2803a0bf02fd4f81ee136ec8dea863ccdb0c59a263b21378b	OFL-1.1
fonts/PlayfairDisplay-Variable.ttf	https://raw.githubusercontent.com/google/fonts/62e55e586fc0c29d428ee47b7c359cd33143f93d/ofl/playfairdisplay/PlayfairDisplay%5Bwght%5D.ttf	c40f2293766a503bc70cce9e512ef844a4ccb7cbcde792fe2ea31d191917d8d6	OFL-1.1
fonts/IBMPlexMono-Bold.ttf	https://raw.githubusercontent.com/google/fonts/62e55e586fc0c29d428ee47b7c359cd33143f93d/ofl/ibmplexmono/IBMPlexMono-Bold.ttf	ac27abd6450a64dd94467580a02fe6235156d5b92f2926ebbc8e7489df64e0be	OFL-1.1
fonts/IBMPlexMono-BoldItalic.ttf	https://raw.githubusercontent.com/google/fonts/62e55e586fc0c29d428ee47b7c359cd33143f93d/ofl/ibmplexmono/IBMPlexMono-BoldItalic.ttf	af4e05a761e98c1adf064c48a6352c9bec1a6ad70982cd2a544149323391f98e	OFL-1.1
fonts/IBMPlexMono-Italic.ttf	https://raw.githubusercontent.com/google/fonts/62e55e586fc0c29d428ee47b7c359cd33143f93d/ofl/ibmplexmono/IBMPlexMono-Italic.ttf	3362fc791b0652193328b862c1c5f23a789bc7288b1617fa63302f88689a2a34	OFL-1.1
fonts/IBMPlexMono-Regular.ttf	https://raw.githubusercontent.com/google/fonts/62e55e586fc0c29d428ee47b7c359cd33143f93d/ofl/ibmplexmono/IBMPlexMono-Regular.ttf	6a3412f058c7d8dfd9170c41e85ade48e5156ecb89356110ca57a0a27734af46	OFL-1.1
fonts/JetBrainsMono-Italic-Variable.ttf	https://raw.githubusercontent.com/google/fonts/62e55e586fc0c29d428ee47b7c359cd33143f93d/ofl/jetbrainsmono/JetBrainsMono-Italic%5Bwght%5D.ttf	85ae2a5cd3f56baf1ce1c21a851322c58e3d8fbe8e8ad4a4d090a820dd7fe558	OFL-1.1
fonts/JetBrainsMono-Variable.ttf	https://raw.githubusercontent.com/google/fonts/62e55e586fc0c29d428ee47b7c359cd33143f93d/ofl/jetbrainsmono/JetBrainsMono%5Bwght%5D.ttf	48715a42ec242c21e9f02692891e147d022299a52e48d5e413e1a942193ffeda	OFL-1.1
fonts/SourceCodePro-Italic-Variable.ttf	https://raw.githubusercontent.com/google/fonts/62e55e586fc0c29d428ee47b7c359cd33143f93d/ofl/sourcecodepro/SourceCodePro-Italic%5Bwght%5D.ttf	6db77d25aa7b30eff449305b5c998e475694c74d398421127ea5a60f536413cd	OFL-1.1
fonts/SourceCodePro-Variable.ttf	https://raw.githubusercontent.com/google/fonts/62e55e586fc0c29d428ee47b7c359cd33143f93d/ofl/sourcecodepro/SourceCodePro%5Bwght%5D.ttf	b400fc584e10aff25d0e775ce181b4fc1c5ea1b5dc37b81aeb2084375b945790	OFL-1.1
licenses/fonts/notofonts-latin-greek-cyrillic.OFL.txt	https://raw.githubusercontent.com/notofonts/latin-greek-cyrillic/023d7b73d5c1a5ed6489bd04a120244c1f2bff3f/OFL.txt	cee9892f9f0cc8fe882c9e9537ee6a89621d86ee7ceaf70b02e2b2b1c25c061a	OFL-1.1
licenses/fonts/notofonts-arabic.OFL.txt	https://raw.githubusercontent.com/notofonts/arabic/834a11352b9ee26f827c745757dc380ef8df68bf/OFL.txt	a7a5a25eb188bf1cd96982030d53e23c33485c69b1044a562254226857ee13af	OFL-1.1
licenses/fonts/notofonts-hebrew.OFL.txt	https://raw.githubusercontent.com/notofonts/hebrew/a9e04ff21deca0b7814ab041886b90b296e7034f/OFL.txt	e08036dbb38d9e7a033a721e0ca60befde2ed9d1a8075922dbd3429093dd793b	OFL-1.1
licenses/fonts/notofonts-thai.OFL.txt	https://raw.githubusercontent.com/notofonts/thai/589b9eecc36ebbf8fb75eb15cc4d1f47d2e2d81e/OFL.txt	dad6e6abc2bf3fc37cc698af7607c3f4d4235039695713b222e5a034fb5b9b1c	OFL-1.1
licenses/fonts/notofonts-devanagari.OFL.txt	https://raw.githubusercontent.com/notofonts/devanagari/591db61898a2b72700c317583cccadf2f862bdf7/OFL.txt	a216f6f8d85c7228093e0ee5e258d9d377e6671f68acb4db1930b29583d0f331	OFL-1.1
licenses/fonts/notofonts-bengali.OFL.txt	https://raw.githubusercontent.com/notofonts/bengali/5d1a8802574f15ed86560c76ca8f5bada8cffa47/OFL.txt	754f0e221aa7d5a915489f3bf1f20fe53ddc35ab2834a4d91656d78f9622de70	OFL-1.1
licenses/fonts/notofonts-gujarati.OFL.txt	https://raw.githubusercontent.com/notofonts/gujarati/708713d82802d4fc8562242daa35d04586a8ee28/OFL.txt	c0b88977aa18b5e4fd05d646d560da89fde61b6581fa4507cb00dd90bd1bf7d4	OFL-1.1
licenses/fonts/notofonts-gurmukhi.OFL.txt	https://raw.githubusercontent.com/notofonts/gurmukhi/874adf52c4bf7f90e5d45afb10fded3759b5fd3f/OFL.txt	3f7451b7e2c8381be0c5712f7b0dd5c2d75fe787ae16a99f18b7fa45627a0fde	OFL-1.1
licenses/fonts/notofonts-kannada.OFL.txt	https://raw.githubusercontent.com/notofonts/kannada/864e001b28d6fb49eb8535a88077bcb08b3aacdd/OFL.txt	e01ae2ea75d7bc6fccb13c48a2f442b32e4bc4be46810fb52a4a1a095320801a	OFL-1.1
licenses/fonts/notofonts-malayalam.OFL.txt	https://raw.githubusercontent.com/notofonts/malayalam/39bc8fcf173ccd7511695841c9e60a14ae020139/OFL.txt	1df18163a0bf60f02131401ba1609df90051f40c4047684dda1c8a2e9586f7f2	OFL-1.1
licenses/fonts/notofonts-oriya.OFL.txt	https://raw.githubusercontent.com/notofonts/oriya/02af23a5c869a9bad8ac11900b7ac830089c39fc/OFL.txt	c90ff15ade263a49148e35af34e9c177c6d56881e81260b29f10123e9e227eca	OFL-1.1
licenses/fonts/notofonts-sinhala.OFL.txt	https://raw.githubusercontent.com/notofonts/sinhala/1ba093777750de8fb05aafc47a988023a8254bd4/OFL.txt	2d6f7c43bce61f4b1919379f901bc613484f5285f520b6d29bb7c1f31b17e841	OFL-1.1
licenses/fonts/notofonts-tamil.OFL.txt	https://raw.githubusercontent.com/notofonts/tamil/b067a84f40e90f53b646b35613b38ed9694de443/OFL.txt	f8ff8ce7d0a81bf8d5e121c635ef027250c531f2fd37d5988b8dd6e45f19d7f1	OFL-1.1
licenses/fonts/notofonts-telugu.OFL.txt	https://raw.githubusercontent.com/notofonts/telugu/71a62a3385214a9bbe93921a904a2200b89c6555/OFL.txt	58895a85166c3cecf04ed4db39dce60a6aa39dbb3c7ff36b917fb8650f2ddbce	OFL-1.1
licenses/fonts/notofonts-math.OFL.txt	https://raw.githubusercontent.com/notofonts/math/fbb2a1334f1d693c3c863b3b694ffadf75094b36/OFL.txt	403a95275b469061b7d4371c328e0ada3bc7d63328abe2e88aad5cd243b2fe21	OFL-1.1
licenses/fonts/notofonts-symbols.OFL.txt	https://raw.githubusercontent.com/notofonts/symbols/866ec5e8d715f2ee60efa5ff7495acc218d459a7/OFL.txt	b118dd41337806a5d4797052c77caf3bd096aed783e5eb21b4d11154351e1ac0	OFL-1.1
licenses/fonts/noto-cjk-Sans.LICENSE	https://raw.githubusercontent.com/notofonts/noto-cjk/f8d157532fbfaeda587e826d4cd5b21a49186f7c/Sans/LICENSE	6a73f9541c2de74158c0e7cf6b0a58ef774f5a780bf191f2d7ec9cc53efe2bf2	OFL-1.1
licenses/fonts/noto-emoji-fonts.LICENSE	https://raw.githubusercontent.com/googlefonts/noto-emoji/8998f5dd683424a73e2314a8c1f1e359c19e8742/fonts/LICENSE	6a73f9541c2de74158c0e7cf6b0a58ef774f5a780bf191f2d7ec9cc53efe2bf2	OFL-1.1
licenses/fonts/google-fonts-inter.OFL.txt	https://raw.githubusercontent.com/google/fonts/62e55e586fc0c29d428ee47b7c359cd33143f93d/ofl/inter/OFL.txt	5b9321a4298cfeb6b34354164a1c3afc3db114569984c502b9b35d988fd58c57	OFL-1.1
licenses/fonts/google-fonts-worksans.OFL.txt	https://raw.githubusercontent.com/google/fonts/62e55e586fc0c29d428ee47b7c359cd33143f93d/ofl/worksans/OFL.txt	749aca05078664ce682dce1b1b10096ac397cb088c1a6df4e1bb56f0092a9272	OFL-1.1
licenses/fonts/google-fonts-montserrat.OFL.txt	https://raw.githubusercontent.com/google/fonts/62e55e586fc0c29d428ee47b7c359cd33143f93d/ofl/montserrat/OFL.txt	8b7141c03fa4f8d44e6345d5d4931709290f0f67875e452e95ac1fd3a027802e	OFL-1.1
licenses/fonts/google-fonts-ibmplexsans.OFL.txt	https://raw.githubusercontent.com/google/fonts/62e55e586fc0c29d428ee47b7c359cd33143f93d/ofl/ibmplexsans/OFL.txt	7e6b2818edbd8f6a01ae80641cc8f16a51080d08fb4e532be3a0b6f74adb07da	OFL-1.1
licenses/fonts/google-fonts-sourcesans3.OFL.txt	https://raw.githubusercontent.com/google/fonts/62e55e586fc0c29d428ee47b7c359cd33143f93d/ofl/sourcesans3/OFL.txt	09746787287a289323b0ec3cff4d1a4a801331b82b7207c1e186f5d26619a392	OFL-1.1
licenses/fonts/google-fonts-sourceserif4.OFL.txt	https://raw.githubusercontent.com/google/fonts/62e55e586fc0c29d428ee47b7c359cd33143f93d/ofl/sourceserif4/OFL.txt	5f94c3fd3a23131a417ab5a0c8452de57e70c3cfb9f604d88241f7065ebf9fd9	OFL-1.1
licenses/fonts/google-fonts-lora.OFL.txt	https://raw.githubusercontent.com/google/fonts/62e55e586fc0c29d428ee47b7c359cd33143f93d/ofl/lora/OFL.txt	1d9a970809ac804b582a6ce7f0ebc4e7fefcbfd7ff6299cad35ee656a21be716	OFL-1.1
licenses/fonts/google-fonts-merriweather.OFL.txt	https://raw.githubusercontent.com/google/fonts/62e55e586fc0c29d428ee47b7c359cd33143f93d/ofl/merriweather/OFL.txt	715bd349bfa6116f99e351e1548321dcfa25b91df65502d22ca8d624557697d2	OFL-1.1
licenses/fonts/google-fonts-ibmplexserif.OFL.txt	https://raw.githubusercontent.com/google/fonts/62e55e586fc0c29d428ee47b7c359cd33143f93d/ofl/ibmplexserif/OFL.txt	7e6b2818edbd8f6a01ae80641cc8f16a51080d08fb4e532be3a0b6f74adb07da	OFL-1.1
licenses/fonts/google-fonts-ebgaramond.OFL.txt	https://raw.githubusercontent.com/google/fonts/62e55e586fc0c29d428ee47b7c359cd33143f93d/ofl/ebgaramond/OFL.txt	0985066662eb755ed3683ae5482a81a9195b49ce3f7e165cc2388b3dbece7dd7	OFL-1.1
licenses/fonts/google-fonts-playfairdisplay.OFL.txt	https://raw.githubusercontent.com/google/fonts/62e55e586fc0c29d428ee47b7c359cd33143f93d/ofl/playfairdisplay/OFL.txt	566be814f8e96e93dfa16101331557eb6b5467e9e03f627c0910fe93ca12300e	OFL-1.1
licenses/fonts/google-fonts-ibmplexmono.OFL.txt	https://raw.githubusercontent.com/google/fonts/62e55e586fc0c29d428ee47b7c359cd33143f93d/ofl/ibmplexmono/OFL.txt	7e6b2818edbd8f6a01ae80641cc8f16a51080d08fb4e532be3a0b6f74adb07da	OFL-1.1
licenses/fonts/google-fonts-jetbrainsmono.OFL.txt	https://raw.githubusercontent.com/google/fonts/62e55e586fc0c29d428ee47b7c359cd33143f93d/ofl/jetbrainsmono/OFL.txt	b2fe5e8987594e9ffd1d2ca52a2f5d73eb8335243893c5d6254b5ad69269591d	OFL-1.1
licenses/fonts/google-fonts-sourcecodepro.OFL.txt	https://raw.githubusercontent.com/google/fonts/62e55e586fc0c29d428ee47b7c359cd33143f93d/ofl/sourcecodepro/OFL.txt	cb30d3086a8b3ce0b9e3690bf48d6620402b61160bc658076f95180ccd9e9dae	OFL-1.1
typst-packages/preview/cmarker/0.1.10/typst.toml	https://raw.githubusercontent.com/typst/packages/4c140e781422cf4e9eb60c0f4f4aec49026a546f/packages/preview/cmarker/0.1.10/typst.toml	e9f62322ea2c6b56a18c951f61410dcb0b370acd33023f43bf3af727c34d8459	MIT
typst-packages/preview/cmarker/0.1.10/lib.typ	https://raw.githubusercontent.com/typst/packages/4c140e781422cf4e9eb60c0f4f4aec49026a546f/packages/preview/cmarker/0.1.10/lib.typ	400e08c8aca995b98a94374aa231fd3ed5c7cebcc75ebb7a0c48bb572a401d7e	MIT
typst-packages/preview/cmarker/0.1.10/plugin.wasm	https://raw.githubusercontent.com/typst/packages/4c140e781422cf4e9eb60c0f4f4aec49026a546f/packages/preview/cmarker/0.1.10/plugin.wasm	cabb697c9c9b9bed14c5f5cfb5c21f353318daca82799bde0567bdaecee20f94	MIT
typst-packages/preview/cmarker/0.1.10/LICENSE	https://raw.githubusercontent.com/typst/packages/4c140e781422cf4e9eb60c0f4f4aec49026a546f/packages/preview/cmarker/0.1.10/LICENSE	58fe64f54e9fbaebb44cc4fb382bb3a5e9389ebbc8aa5e9b4b67a0607be45a4f	MIT
